{
  "Types.Duty.Name.None": {
    "message": "Unnamed Duty",
    "description": "Duty..ctor"
  },
  "Types.Duty.Boss.Name.None": {
    "message": "Unnamed Boss",
    "description": "Boss..ctor"
  },
  "Types.Duty.Boss.Strategy.None": {
    "message": "No strategy available for this boss.",
    "description": "Boss..ctor"
  },
  "WotsitIPC.OpenDutyFinder": {
    "message": "Open Duty Finder",
    "description": "WotsitIPCProvider.RegisterAll"
  },
  "WotsitIPC.OpenDutyEditor": {
    "message": "Open Duty Editor",
    "description": "WotsitIPCProvider.RegisterAll"
  },
  "Generics.Error": {
    "message": "An error occured.",
    "description": "TStrings.get_Error"
  },
  "Generics.Support": {
    "message": "Support",
    "description": "TStrings.get_Support"
  },
  "Generics.OpenFile": {
    "message": "Open File",
    "description": "TStrings.get_OpenFile"
  },
  "Generics.SaveFile": {
    "message": "Save File",
    "description": "TStrings.get_SaveFile"
  },
  "Generics.Search": {
    "message": "Search",
    "description": "TStrings.get_Search"
  },
  "Generics.Duty": {
    "message": "Duty",
    "description": "TStrings.get_Duty"
  },
  "Generics.InDuty": {
    "message": "In Duty",
    "description": "TStrings.get_InDuty"
  },
  "Generics.Mechanic": {
    "message": "Mechanic",
    "description": "TStrings.get_Mechanic"
  },
  "Generics.Description": {
    "message": "Description",
    "description": "TStrings.get_Description"
  },
  "Generics.Level": {
    "message": "Level",
    "description": "TStrings.get_Level"
  },
  "Generics.Type": {
    "message": "Type",
    "description": "TStrings.get_Type"
  },
  "DutyEditor.Title": {
    "message": "{0} - Duty Editor",
    "description": "TStrings.get_EditorTitle"
  },
  "Editor.Format": {
    "message": "Format",
    "description": "TStrings.get_EditorFormat"
  },
  "Editor.Clear": {
    "message": "Clear",
    "description": "TStrings.get_EditorClear"
  },
  "Editor.Preview": {
    "message": "Preview",
    "description": "TStrings.get_EditorPreview"
  },
  "Editor.Metadata": {
    "message": "Metadata",
    "description": "TStrings.get_EditorMetadata"
  },
  "Editor.ContributingGuide": {
    "message": "Contributing Guide",
    "description": "TStrings.get_EditorContributingGuide"
  },
  "Editor.Problems": {
    "message": "Problems",
    "description": "TStrings.get_EditorProblems"
  },
  "Editor.Unsupported": {
    "message": "Duty contains invalid IDs and/or is unsupported by this plugin version.",
    "description": "TStrings.get_EditorProblemUnsupported"
  },
  "Editor.NoProblemsDetected": {
    "message": "No problems detected.",
    "description": "TStrings.get_EditorNoProblems"
  },
  "Editor.FileTooBig": {
    "message": "Your file is too big to be loaded into the editor.",
    "description": "TStrings.get_EditorFileTooLarge"
  },
  "Editor.FileLoaded": {
    "message": "Your file was successfully loaded.",
    "description": "TStrings.get_EditorFileSuccessfullyLoaded"
  },
  "Editor.FileSaved": {
    "message": "Your file was successfully saved.",
    "description": "TStrings.get_EditorFileSuccessfullySaved"
  },
  "Settings.Title": {
    "message": "{0} - Settings",
    "description": "TStrings.get_SettingsTitle"
  },
  "Settings.General": {
    "message": "General",
    "description": "TStrings.get_SettingsGeneral"
  },
  "Settings.AutoOpenInDuty": {
    "message": "Auto Open In Duty",
    "description": "TStrings.get_SettingsAutoOpenInDuty"
  },
  "Settings.AutoOpenDuty.Tooltip": {
    "message": "Open the duty guide when entering a duty.",
    "description": "TStrings.get_SettingsAutoOpenInDutyTooltip"
  },
  "Settings.ShortMode": {
    "message": "Short Mode",
    "description": "TStrings.get_SettingsShortMode"
  },
  "Settings.ShortMode.Tooltip": {
    "message": "Shorten strategies & descriptions if possible.",
    "description": "TStrings.get_SettingsShortModeTooltip"
  },
  "Settings.ShowSupportButton": {
    "message": "Show Support Button",
    "description": "TStrings.get_SettingsShowSupportButton"
  },
  "Settings.ShowSupportButton.Tooltip": {
    "message": "Show the support XIVITA Guide button",
    "description": "TStrings.get_SettingsShowSupportButtonTooltip"
  },
  "Settings.ResourcesAndLocalization": {
    "message": "Resources & Localization",
    "description": "TStrings.get_SettingsResourcesAndLocalization"
  },
  "Settings.ResourcesAndLocalization.Tooltip": {
    "message": "Downloads the latest resources, localizations & guides.",
    "description": "TStrings.get_SettingsResourcesAndLocalizationDesc"
  },
  "Settings.UpdateResources": {
    "message": "Update Resources",
    "description": "TStrings.get_SettingsUpdateResources"
  },
  "Settings.UpdateFailed": {
    "message": "Update Failed",
    "description": "TStrings.get_SettingsUpdateFailed"
  },
  "Settings.LastUpdate": {
    "message": "Last Update: {0}",
    "description": "TStrings.SettingsLastUpdate"
  },
  "Settings.Mechanics": {
    "message": "Mechanics",
    "description": "TStrings.get_SettingsMechanics"
  },
  "Settings.HideMechanic": {
    "message": "Hide: {0}",
    "description": "TStrings.SettingsHideMechanic"
  },
  "Settings.HideMechanicTooltip": {
    "message": "Hide {0} from duty guides.",
    "description": "TStrings.SettingsHideMechanicTooltip"
  },
  "Settings.Integrations": {
    "message": "Integrations",
    "description": "TStrings.get_SettingsIntegrations"
  },
  "Settings.Integrations.Available": {
    "message": "Available Integrations",
    "description": "TStrings.get_SettingsAvailableIntegrations"
  },
  "Settings.Integrations.Tooltip": {
    "message": "You can enable or disable integrations below, changes will take effect next plugin load if the integration plugin is present.",
    "description": "TStrings.get_SettingsIntegrationsDesc"
  },
  "DutyFinder.Title": {
    "message": "{0} - Duty Finder",
    "description": "TStrings.get_DutyFinderTitle"
  },
  "DutyFinder.NoFiles": {
    "message": "No duty files detected! Please try Settings -> Update Resources.",
    "description": "TStrings.get_DutyFinderContentNotFound"
  },
  "DutyInfo.Title": {
    "message": "{0} - Duty Info",
    "description": "TStrings.get_DutyInfoTitle"
  },
  "DutyInfo.NoDuty": {
    "message": "No duty selected, use /xivitalist to see all available duties.",
    "description": "TStrings.get_DutyInfoNoneSelected"
  },
  "DutyInfo.NotUnlocked": {
    "message": "You cannot view the guide for this duty as you have not unlocked it yet.",
    "description": "TStrings.get_DutyInfoNotUnlocked"
  },
  "DutyList.NoneFound": {
    "message": "No duties found.",
    "description": "TStrings.get_DutyListNoneFound"
  },
  "DutyList.NoGuide": {
    "message": "No guide available for {0}.",
    "description": "TStrings.DutyListNoGuide"
  },
  "DutyList.NeedsUpdate": {
    "message": "Cannot display duty as it was not made for this plugin version.",
    "description": "TStrings.get_DutyListNeedsUpdate"
  },
  "DutyHeading.Title": {
    "message": "Duty: {0}",
    "description": "TStrings.DutyHeadingTitle"
  },
  "Commands.DutyList.Help": {
    "message": "Toggles the duty list",
    "description": "TStrings.get_DutyListHelp"
  },
  "Commands.Settings.Help": {
    "message": "Toggles the settings menu",
    "description": "TStrings.get_SettingsHelp"
  },
  "Commands.Editor.Help": {
    "message": "Toggles the duty editor",
    "description": "TStrings.get_EditorHelp"
  },
  "Commands.Info.Help": {
    "message": "Toggles the duty info window if a duty is loaded",
    "description": "TStrings.get_InfoHelp"
  }
}
