{
    "Version": 0,
    "Name": "Smileton",
    "Difficulty": 0,
    "Type": 0,
    "Expansion": 4,
    "Level": 90,
    "UnlockQuestID": 69703,
    "TerritoryIDs": [
        970
    ],
    "Bosses": [
        {
            "Name": "Face",
            "Strategy": "Players need to stand in the lanes and look out for which coloured faces hit them with line AoEs. Do not get hit by the same colour twice and watch out for the knockback Off My Lawn.",
            "Mechanics": [
                {
                    "Name": "Lines of Fire",
                    "Description": "Divides the room into four lanes, divided by thin, deadly line AoEs. The boss tethers to the faces outside of the arena which fire unavoidable line AoEs over each lane, that apply a debuff of the same colour of the face to players hit. Players must not get hit by the same colour twice.",
                    "Type": 4
                },
                {
                    "Name": "Off My Lawn",
                    "Description": "Knocks players back one lane of the room.",
                    "Type": 10
                },
                {
                    "Name": "Temper's Flare",
                    "Description": "Unavoidable raidwide damage.",
                    "Type": 4
                },
                {
                    "Name": "Upside Down",
                    "Description": "Flips the faces on the edges changing their colours.",
                    "Type": 10
                },
                {
                    "Name": "Heart On Fire IV",
                    "Description": "Tankbuster.",
                    "Type": 0
                }
            ]
        },
        {
            "Name": "Frameworker",
            "Strategy": "The boss creates copies of himself that mimick his massive AoE attacks.",
            "Mechanics": [
                {
                    "Name": "Circular Saw",
                    "Description": "Unavoidable raidwide damage.",
                    "Type": 4
                },
                {
                    "Name": "Leap Forward",
                    "Description": "Boss jumps into the direction he's facing, resulting in a massive circle AoE around his landing position.",
                    "Type": 2
                },
                {
                    "Name": "Print Workers",
                    "Description": "Orders copies of the boss to mimick his Leap mechanic in the direction they're facing.",
                    "Type": 2
                },
                {
                    "Name": "Omnidimensional Onslaught",
                    "Description": "Cone AoEs towards the cardinals, followed by the intercardinals.",
                    "Type": 2
                },
                {
                    "Name": "Steel Beam",
                    "Description": "Tankbuster.",
                    "Type": 0
                }
            ]
        },
        {
            "Name": "The Big Cheese",
            "Strategy": " ",
            "Mechanics": [
                {
                    "Name": "Explosives Distribution",
                    "Description": "Explosives appear on the conveyor belts. The amount of arrows indicates if the explosive travels to the front or the back of the arena before it goes off in a large circle AoE.",
                    "Type": 2
                },
                {
                    "Name": "Piercing Missile",
                    "Description": "Tankbuster.",
                    "Type": 0
                },
                {
                    "Name": "Dispense Explosives",
                    "Description": "Places mines in two quadrants of the arena that go off in circle AoEs if a player steps into their radius.",
                    "Type": 2
                },
                {
                    "Name": "Explosive Power",
                    "Description": "Detonates mines previously placed.",
                    "Type": 2
                },
                {
                    "Name": "Right/Left Disassembler",
                    "Description": "Half room AoE indicated by the cast's name.",
                    "Type": 2
                },
                {
                    "Name": "Electric Arc",
                    "Description": "Party stack.",
                    "Type": 3
                },
                {
                    "Name": "Levelling Missile",
                    "Description": "Targeted circle AoEs on each player.",
                    "Type": 6
                },
                {
                    "Name": "Violent Discharge",
                    "Description": "Unavoidable raidwide damage.",
                    "Type": 4
                }
            ]
        }
    ]
}