{
  "Version": 1,
  "Name": "Sastasha",
  "Difficulty": 0,
  "Type": 0,
  "Expansion": 0,
  "Level": 15,
  "UnlockQuestID": 66211,
  "TerritoryIDs": [1036],
  "Sections": [
    {
      "Type": 0,
      "Name": "Chopper",
      "Phases": [
        {
          "Strategy": "Evitate di venire colpiti da \"Charged Whisker\" che è una AoE che inflgge paralisi.",
          "Mechanics": [
            {
              "Name": "Charged Whisker",
              "Description": "Infligge paralisi a tutti i player colpiti.",
              "Type": 2
            }
          ]
        }
      ]
    },
    {
      "Type": 0,
      "Name": "Captain Madison",
      "Phases": [
        {
          "Strategy": "Dovrete affrontatre Captain Madison due volte. Nel primo scontro, uccidete prima adds e poi concentratevi sul boss finchè non fugge. Nel secondo scontro chiamerà a sè dei cani da guardia quando è al 50% di HP. Uccideteli e atttaccate Madison."
        }
      ]
    },
    {
      "Type": 0,
      "Name": "Denn the Orcatoothed",
      "Phases": [
        {
          "Strategy": "Durnte il fight, sbucheranno degli add da dei pozzetti contrassegnati da delle bolle d'acqua. Interagite con la grata per evitare lo spawn. Questi add possono essere tranquillamente ignorati se viene fatto abbastanza danno al boss."
        }
      ]
    }
  ]
}
