{
  "Types.Duty.Name.None": {
    "message": "Duty Senza Nome",
    "description": "Duty..ctor"
  },
  "Types.Duty.Boss.Name.None": {
    "message": "Boss Senza Nome",
    "description": "Boss..ctor"
  },
  "Types.Duty.Boss.Strategy.None": {
    "message": "Nessuna strategia disponibile per questo boss.",
    "description": "Boss..ctor"
  },
  "WotsitIPC.OpenDutyFinder": {
    "message": "Apri Duty Finder",
    "description": "WotsitIPCProvider.RegisterAll"
  },
  "WotsitIPC.OpenDutyEditor": {
    "message": "Apri Editor Duty",
    "description": "WotsitIPCProvider.RegisterAll"
  },
  "Generics.Error": {
    "message": "Si è verificato un errore.",
    "description": "TStrings.get_Error"
  },
  "Generics.Support": {
    "message": "Assistenza",
    "description": "TStrings.get_Support"
  },
  "Generics.OpenFile": {
    "message": "Apri File",
    "description": "TStrings.get_OpenFile"
  },
  "Generics.SaveFile": {
    "message": "Salva File",
    "description": "TStrings.get_SaveFile"
  },
  "Generics.Search": {
    "message": "Cerca",
    "description": "TStrings.get_Search"
  },
  "Generics.Duty": {
    "message": "Duty",
    "description": "TStrings.get_Duty"
  },
  "Generics.InDuty": {
    "message": "In Duty",
    "description": "TStrings.get_InDuty"
  },
  "Generics.Mechanic": {
    "message": "Meccanica",
    "description": "TStrings.get_Mechanic"
  },
  "Generics.Description": {
    "message": "Descrizione",
    "description": "TStrings.get_Description"
  },
  "Generics.Level": {
    "message": "Livello",
    "description": "TStrings.get_Level"
  },
  "Generics.Type": {
    "message": "Tipo",
    "description": "TStrings.get_Type"
  },
  "DutyEditor.Title": {
    "message": "{0} - Editor Duty",
    "description": "TStrings.get_EditorTitle"
  },
  "Editor.Format": {
    "message": "Formato",
    "description": "TStrings.get_EditorFormat"
  },
  "Editor.Clear": {
    "message": "Pulisci",
    "description": "TStrings.get_EditorClear"
  },
  "Editor.Preview": {
    "message": "Anteprima",
    "description": "TStrings.get_EditorPreview"
  },
  "Editor.Metadata": {
    "message": "Metadata",
    "description": "TStrings.get_EditorMetadata"
  },
  "Editor.ContributingGuide": {
    "message": "Guida per contribuire",
    "description": "TStrings.get_EditorContributingGuide"
  },
  "Editor.Problems": {
    "message": "Problemi",
    "description": "TStrings.get_EditorProblems"
  },
  "Editor.Unsupported": {
    "message": "Il Duty contiene ID non validi e/o non è supportato da questa versione del plugin.",
    "description": "TStrings.get_EditorProblemUnsupported"
  },
  "Editor.NoProblemsDetected": {
    "message": "Nessun problema rilevato.",
    "description": "TStrings.get_EditorNoProblems"
  },
  "Editor.FileTooBig": {
    "message": "Il tuo file è troppo grande per essere caricato nell'editor.",
    "description": "TStrings.get_EditorFileTooLarge"
  },
  "Editor.FileLoaded": {
    "message": "Il tuo file è stato caricato con successo.",
    "description": "TStrings.get_EditorFileSuccessfullyLoaded"
  },
  "Editor.FileSaved": {
    "message": "File salvato.",
    "description": "TStrings.get_EditorFileSuccessfullySaved"
  },
  "Settings.Title": {
    "message": "{0} - impostazioni",
    "description": "TStrings.get_SettingsTitle"
  },
  "Settings.General": {
    "message": "Generale",
    "description": "TStrings.get_SettingsGeneral"
  },
  "Settings.AutoOpenInDuty": {
    "message": "Auto Apri In Duty",
    "description": "TStrings.get_SettingsAutoOpenInDuty"
  },
  "Settings.AutoOpenDuty.Tooltip": {
    "message": "Aprire la guida quando si entra in un duty.",
    "description": "TStrings.get_SettingsAutoOpenInDutyTooltip"
  },
  "Settings.ShortMode": {
    "message": "Modalità Breve",
    "description": "TStrings.get_SettingsShortMode"
  },
  "Settings.ShortMode.Tooltip": {
    "message": "Riduci le strategie e le descrizioni, se possibile.",
    "description": "TStrings.get_SettingsShortModeTooltip"
  },
  "Settings.ShowSupportButton": {
    "message": "Mostra Pulsante Di Supporto",
    "description": "TStrings.get_SettingsShowSupportButton"
  },
  "Settings.ShowSupportButton.Tooltip": {
    "message": "Mostra il pulsante di supporto per XIVITA Guide",
    "description": "TStrings.get_SettingsShowSupportButtonTooltip"
  },
  "Settings.ResourcesAndLocalization": {
    "message": "Risorse & Localizzazione",
    "description": "TStrings.get_SettingsResourcesAndLocalization"
  },
  "Settings.ResourcesAndLocalization.Tooltip": {
    "message": "Scarica le ultime risorse, localizzazioni e guide.",
    "description": "TStrings.get_SettingsResourcesAndLocalizationDesc"
  },
  "Settings.UpdateResources": {
    "message": "Aggiorna Risorse",
    "description": "TStrings.get_SettingsUpdateResources"
  },
  "Settings.UpdateFailed": {
    "message": "Aggiornamento non riuscito",
    "description": "TStrings.get_SettingsUpdateFailed"
  },
  "Settings.LastUpdate": {
    "message": "Ultimo aggiornamento: {0}",
    "description": "TStrings.SettingsLastUpdate"
  },
  "Settings.Mechanics": {
    "message": "Meccaniche",
    "description": "TStrings.get_SettingsMechanics"
  },
  "Settings.HideMechanic": {
    "message": "Nascondi: {0}",
    "description": "TStrings.SettingsHideMechanic"
  },
  "Settings.HideMechanicTooltip": {
    "message": "Nascondi {0} dalle guide dei Duty.",
    "description": "TStrings.SettingsHideMechanicTooltip"
  },
  "Settings.Integrations": {
    "message": "Integrazioni",
    "description": "TStrings.get_SettingsIntegrations"
  },
  "Settings.Integrations.Available": {
    "message": "Integrazioni Disponibili",
    "description": "TStrings.get_SettingsAvailableIntegrations"
  },
  "Settings.Integrations.Tooltip": {
    "message": "È possibile abilitare o disabilitare le integrazioni qui sotto, le modifiche avranno effetto il prossimo caricamento del plugin se il plugin di integrazione è presente.",
    "description": "TStrings.get_SettingsIntegrationsDesc"
  },
  "DutyFinder.Title": {
    "message": "{0} - Duty Finder",
    "description": "TStrings.get_DutyFinderTitle"
  },
  "DutyFinder.NoFiles": {
    "message": "Nessun file duty rilevato! Prova Impostazioni -> Aggiorna Risorse.",
    "description": "TStrings.get_DutyFinderContentNotFound"
  },
  "DutyInfo.Title": {
    "message": "{0} - Info Duty",
    "description": "TStrings.get_DutyInfoTitle"
  },
  "DutyInfo.NoDuty": {
    "message": "Nessun duty selezionato, usa /xivitalist per vedere tutti i duty disponibili.",
    "description": "TStrings.get_DutyInfoNoneSelected"
  },
  "DutyInfo.NotUnlocked": {
    "message": "Non puoi visualizzare la guida per questo duty perché non lo hai ancora sbloccato.",
    "description": "TStrings.get_DutyInfoNotUnlocked"
  },
  "DutyList.NoneFound": {
    "message": "Nessun duty trovato.",
    "description": "TStrings.get_DutyListNoneFound"
  },
  "DutyList.NoGuide": {
    "message": "Nessuna guida disponibile per {0}.",
    "description": "TStrings.DutyListNoGuide"
  },
  "DutyList.NeedsUpdate": {
    "message": "Impossibile visualizzare duty in quanto non è stato creato per questa versione del plugin.",
    "description": "TStrings.get_DutyListNeedsUpdate"
  },
  "DutyHeading.Title": {
    "message": "Duty: {0}",
    "description": "TStrings.DutyHeadingTitle"
  },
  "Commands.DutyList.Help": {
    "message": "Mostra la Duty List",
    "description": "TStrings.get_DutyListHelp"
  },
  "Commands.Settings.Help": {
    "message": "Mostra il menu delle impostazioni",
    "description": "TStrings.get_SettingsHelp"
  },
  "Commands.Editor.Help": {
    "message": "Attiva/disattiva l'editor dei Duty",
    "description": "TStrings.get_EditorHelp"
  },
  "Commands.Info.Help": {
    "message": "Mostra/Nasconde la finestra Duty Info se un duty è stato caricato",
    "description": "TStrings.get_InfoHelp"
  }
}
