{
    "Commands.DutyList.Help": {
      "message": "Toggles the guide list",
      "description": "TCommands.get_GuideListHelp"
    },
    "Commands.Settings.Help": {
      "message": "Toggles the settings menu",
      "description": "TCommands.get_SettingsHelp"
    },
    "Commands.Editor.Help": {
      "message": "Toggles the guide editor",
      "description": "TCommands.get_EditorHelp"
    },
    "Commands.Info.Help": {
      "message": "Toggles the guide viewer window",
      "description": "TCommands.get_InfoHelp"
    },
    "Window.Settings": {
      "message": "{0} - Settings",
      "description": "TWindowNames..cctor"
    },
    "Window.GuideList": {
      "message": "{0} - Guide List",
      "description": "TWindowNames..cctor"
    },
    "Window.GuideViewer": {
      "message": "{0} - Guide Viewer",
      "description": "TWindowNames..cctor"
    },
    "Window.GuideEditor": {
      "message": "{0} - Guide Editor",
      "description": "TWindowNames..cctor"
    },
    "Generics.Donate": {
      "message": "Donate",
      "description": "TGenerics.get_Donate"
    },
    "Generics.OpenFile": {
      "message": "Open File",
      "description": "TGenerics.get_OpenFile"
    },
    "Generics.SaveFile": {
      "message": "Save File",
      "description": "TGenerics.get_SaveFile"
    },
    "Generics.Search": {
      "message": "Search",
      "description": "TGenerics.get_Search"
    },
    "Generics.Guide": {
      "message": "Guide",
      "description": "TGenerics.get_Guide"
    },
    "Generics.InDuty": {
      "message": "In Duty",
      "description": "TGenerics.get_InDuty"
    },
    "Generics.Mechanic": {
      "message": "Mechanic",
      "description": "TGenerics.get_Mechanic"
    },
    "Generics.Description": {
      "message": "Description",
      "description": "TGenerics.get_Description"
    },
    "Generics.Level": {
      "message": "Level",
      "description": "TGenerics.get_Level"
    },
    "Generics.Type": {
      "message": "Type",
      "description": "TGenerics.get_Type"
    },
    "Generics.Enabled": {
      "message": "Enabled",
      "description": "TGenerics.get_Enabled"
    },
    "Generics.Disabled": {
      "message": "Disabled",
      "description": "TGenerics.get_Disabled"
    },
    "Editor.Problems": {
      "message": "Problems",
      "description": "TEditor.get_Problems"
    },
    "Editor.Preview": {
      "message": "Preview",
      "description": "TEditor.get_Preview"
    },
    "Editor.Clear": {
      "message": "Clear",
      "description": "TEditor.get_Clear"
    },
    "Editor.Format": {
      "message": "Format",
      "description": "TEditor.get_Format"
    },
    "Editor.Metadata": {
      "message": "Metadata",
      "description": "TEditor.get_Metadata"
    },
    "Editor.EnumList": {
      "message": "Enum List",
      "description": "TEditor.get_EnumList"
    },
    "Editor.CannotParse": {
      "message": "Cannot parse file, unable to preview.",
      "description": "TEditor.get_CannotParseNoPreview"
    },
    "Editor.ContributingGuide": {
      "message": "Contributing Guide",
      "description": "TEditor.get_ContributingGuide"
    },
    "Editor.Problem.Unsupported": {
      "message": "Guide contains invalid IDs and/or is unsupported by this plugin version.",
      "description": "TEditor.get_ProblemUnsupported"
    },
    "Editor.Problem.None": {
      "message": "No problems detected.",
      "description": "TEditor.get_NoProblems"
    },
    "Editor.FileTooBig": {
      "message": "Your file is too big to be loaded into the editor.",
      "description": "TEditor.get_FileTooLarge"
    },
    "Editor.FileLoaded": {
      "message": "Your file was successfully loaded.",
      "description": "TEditor.get_FileSuccessfullyLoaded"
    },
    "Editor.FileSaved": {
      "message": "Your file was successfully saved.",
      "description": "TEditor.get_FileSuccessfullySaved"
    },
    "Settings.Configuration": {
      "message": "Configuration",
      "description": "TSettings.get_Configuration"
    },
    "Settings.AutOpenGuideForDuty": {
      "message": "Auto Open Guide for Duty",
      "description": "TSettings.get_AutoOpenGuideForDuty"
    },
    "Settings.AutoOpenDuty.Tooltip": {
      "message": "Automatically open/hide the guide for the given duty when you enter/leave it.",
      "description": "TSettings.get_SettingsAutoOpenInDutyTooltip"
    },
    "Settings.ShortedGuideText": {
      "message": "Shorten Guide Text",
      "description": "TSettings.get_ShortenGuideText"
    },
    "Settings.ShortenGuideText.Tooltip": {
      "message": "Shorten text in all guides when available to help make them more accessible and save space.",
      "description": "TSettings.get_ShortenGuideTextTooltip"
    },
    "Settings.ShowDonateButton": {
      "message": "Show Donate Button",
      "description": "TSettings.get_ShowDonateButton"
    },
    "Settings.ShowDonateButton.Tooltip": {
      "message": "Show donate buttons in the plugin to help support the plugin and its development.",
      "description": "TSettings.get_ShowDonateButtonTooltip"
    },
    "Settings.HideLockedGuides": {
      "message": "Hide Locked Guides",
      "description": "TSettings.get_HideLockedGuides"
    },
    "Settings.HideLockedGuides.Tooltip": {
      "message": "Hide guides that you have not unlocked yet from the guide list and prevent opening them in the guide viewer.\nWARNING: Turning this off will show you spoilers for guides you have not unlocked yet.",
      "description": "TSettings.get_HideLockedGuidesTooltip"
    },
    "Settings.HiddenMechanics": {
      "message": "Hidden Mechanics",
      "description": "TSettings.get_HiddenMechanics"
    },
    "Settings.HiddenMechanics.Tooltip": {
      "message": "Hide mechanic types, preventing them from being shown in any guides.",
      "description": "TSettings.get_HiddenMechanicsTooltip"
    },
    "Settings.EnabledIntegrations": {
      "message": "Enabled Integrations",
      "description": "TSettings.get_EnabledIntegrations"
    },
    "Settings.EnabledIntegrations.Tooltip": {
      "message": "Enable or disable integrations with other plugins. Please note that the plugin(s) must be installed for the integration to work.",
      "description": "TSettings.get_EnabledIntegrationsTooltip"
    },
    "GuideViewer.NoInfoAvailable": {
      "message": "There is no information available for this guide right now.",
      "description": "TGuideViewer.get_NoInfoAvailable"
    },
    "GuideViewer.ReportIssueWithGuide": {
      "message": "Report issue with guide",
      "description": "TGuideViewer.get_ReportIssueWithGuide"
    },
    "GuideViewer.UnlockWindowMovement": {
      "message": "Unlock window movement",
      "description": "TGuideViewer.get_UnlockWindowMovement"
    },
    "GuideViewer.LockWindowMovement": {
      "message": "Lock window movement",
      "description": "TGuideViewer.get_LockWindowMovement"
    },
    "GuideViewer.UnlockWindowResize": {
      "message": "Unlock window resize",
      "description": "TGuideViewer.get_UnlockWindowResize"
    },
    "GuideViewer.LockWindowResize": {
      "message": "Lock window resize",
      "description": "TGuideViewer.get_LockWindowResize"
    },
    "GuideViewer.ToggleSettingsWindow": {
      "message": "Toggle settings window",
      "description": "TGuideViewer.get_ToggleSettingsWindow"
    },
    "GuideViewer.GuideHeading": {
      "message": "Guide for {0}",
      "description": "TGuideViewer.GuideHeading"
    },
    "GuideViewer.NoGuideSelected": {
      "message": "No guide selected, use /kikolist to see all available guides.",
      "description": "TGuideViewer.get_NoGuideSelected"
    },
    "GuideViewer.GuideInfoNotUnlocked": {
      "message": "You cannot view the guide for this duty as you have not unlocked it yet.",
      "description": "TGuideViewer.get_GuideNotUnlocked"
    },
    "GuideListTable.NoneFoundForType": {
      "message": "No guides found for this duty type.",
      "description": "TGuideListTable.get_NoneFoundForType"
    },
    "GuideListTable.NoGuidesUnlocked": {
      "message": "You have not unlocked any guides for this type.",
      "description": "TGuideListTable.get_NoGuidesUnlocked"
    },
    "GuideListTable.NoGuidesFoundForSearch": {
      "message": "No guides found for your search.",
      "description": "TGuideListTable.get_NoGuidesFoundForSearch"
    },
    "GuideListTable.UnsupportedGuide": {
      "message": "The guide for {0} is for a different version of the plugin and cannot be loaded yet",
      "description": "TGuideListTable.UnsupportedGuide"
    },
    "GuideListTable.NoGuideData": {
      "message": "There is no data for {0} yet.",
      "description": "TGuideListTable.NoGuideData"
    },
    "GuideListTable.NoGuidesFilesDetected": {
      "message": "No guide files were detected, please check your installation.",
      "description": "TGuideListTable.get_NoGuidesFilesDetected"
    },
    "Types.Duty.Name.None": {
      "message": "Unnamed Guide",
      "description": "TGuide..cctor"
    },
    "IPC.Wotsit.OpenGuideList": {
      "message": "Open Guide List",
      "description": "WotsitTranslations.get_WotsitIPCOpenGuideList"
    },
    "IPC.Wotsit.OpenGuideEditor": {
      "message": "Open Guide Editor",
      "description": "WotsitTranslations.get_WotsitIPCOpenGuideEditor"
    },
    "IPC.Wotsit.OpenGuideFor": {
      "message": "Open Guide for {0}",
      "description": "WotsitTranslations.WotsitIPCOpenGuideFor"
    }
  }