{
  "Version": 1,
  "Name": "Sastasha",
  "Difficulty": 0,
  "Type": 0,
  "Expansion": 0,
  "Level": 15,
  "UnlockQuestID": 66211,
  "TerritoryIDs": [
    1036
  ],
  "Sections": [
    {
      "Type": 0,
      "Name": "Chopper",
      "Phases": [
        {
          "Strategy": "Avoid being hit by \"Charged Whisker\" which is an AoE that inflicts paralysis.",
          "Mechanics": [
            {
              "Name": "Charged Whisker",
              "Description": "Inflicts paralysis to all players hit.",
              "Type": 2
            }
          ]
        }
      ]
    },
    {
      "Type": 0,
      "Name": "Captain Madison",
      "Phases": [
        {
          "Strategy": "You must defeat Captain Madison twice. In the first encounter, kill adds first and then focus on the boss until they run away. In the second encounter they will summon guard dogs at 50% HP, kill these and attack until they flees."
        }
      ]
    },
    {
      "Type": 0,
      "Name": "Denn the Orcatoothed",
      "Phases": [
        {
          "Strategy": "During the boss fight, adds will spawn from the bubbling water, interact with the grate when it's bubbling to prevent spawning. These can also be safely ignored if enough damage is being dealt to the boss."
        }
      ]
    }
  ]
}
