{
  "Version": 1,
  "Name": "Snowcloak",
  "Difficulty": 0,
  "Type": 0,
  "Expansion": 0,
  "Level": 50,
  "UnlockQuestID": 65611,
  "TerritoryIDs": [
    371
  ],
  "Sections": [
    {
      "Type": 0,
      "Name": "Wandil",
      "Phases": [
        {
          "Strategy": "Everyone - Try not to spread out too much. Especially when *Tundra is in effect. Tundra+Cold Wave makes the arena really tight, so you want to try and drop the bombs in a close proximity to each other to give you space to move about.\nWhen *Snowdrift is being cast start moving and don't stop until you see the visual effect, otherwise you will get a stack of *Frozen\n\nTank - Bring the boss close to the wall, but not on the wall (prep for *Tundra) & make sure the boss is facing away from the party so you don't cleave them.\n\nHealer - Keep an eye on the parties *Frozen stacks. If they get 4, they will be stunned for ~10s. Be prepared to heal them. Also be careful about your own stacks as you may be stood still healing whilst *Snowdrift is rolling in. Also, give the DPS a hand with the *Frost bombs when you get a chance.\n\nDPS - Make sure when the *Frost bombs spawn you put them down ASAP",
          "Mechanics": [
            {
              "Name": "Ice Guillotine",
              "Description": "Frontal cleave - Moderate damage.",
              "Type": 9
            },
            {
              "Name": "Snowdrift",
              "Description": "Raidwide attack - Moderate damage. If you are *not moving when the cast hits you will be inflicted with a stack of *Frozen. *Moving negates getting this stack. (PepeSad ;( Black Mages)",
              "Type": 4
            },
            {
              "Name": "Cold Wave",
              "Description": "AOE's on random players. Will inflict a stack of *Frozen if hit.",
              "Type": 2
            },
            {
              "Name": "Frost Bomb",
              "Description": "Frost bomb adds spawn. If not dealt with ASAP, will explode dealing damage & inflicting a stack of *Frozen on the party.",
              "Type": 7
            },
            {
              "Name": "Tundra",
              "Description": "At around ~40%% health the boss will shrink the arena. Standing on the ice will inflict you with a stack of *Frozen",
              "Type": 10
            },
            {
              "Name": "Frozen",
              "Description": "At *4 stacks of *Frozen you will be Frozen/Stunned for ~10s",
              "Type": 10
            }
          ]
        }
      ]
    },
    {
      "Type": 0,
      "Name": "Yeti",
      "Phases": [
        {
          "Strategy": "Everyone - The boss has high defence so you have to utilize the *Snowball mechanic whilst DPS'ing. Work together to align *Spriggan Ice Cutters + *Frozen Mist attack to make snowballs. Subsequent hits by this attack will make the snowball larger, dealing more damage when it hits the boss. *DO NOT kill *Spriggan Ice Cutters.\n\nTank - You will juggling the boss position throughout the fight. When *Frozen Mist is being cast try and make it hit a *Spriggan. When *Buffet is being cast make sure it *DOES NOT hit a snowball.\n\nHealer - Keep everyone topped up. If the boss is casting *Northerlies and DPS are busy, hit a snowball at the boss. (Face the boss whilst hitting the snowball)\n\nDPS - As soon as the *Frostbound adds spawn, put them down. If the boss is casting *Northerlies, hit a snowball at the boss. (Face the boss whilst hitting the snowball) ",
          "Mechanics": [
            {
              "Name": "Buffet",
              "Description": "Frontal AOE cone - Moderate damage - If a *Snowball is hit with this it will destroy it (bad).",
              "Type": 2
            },
            {
              "Name": "Frozen Mist",
              "Description": "Frontal AOE cone - If a *Spriggan is hit by this they will turn into a *Snowball (good). Subsequent hits will make the Snowball larger (very good).",
              "Type": 2
            },
            {
              "Name": "Northerlies",
              "Description": "Raidwide attack - High damage. When the boss is casting this, hit him with a *Snowball to interrupt",
              "Type": 4
            },
            {
              "Name": "Adds",
              "Description": "Spriggan Ice Cutter - *DO NOT kill these. Instead try and coordinate with the *Tank to line up *Frozen Mist\n\nFrostbound - These will attempt to destroy the *Snowballs, put them down ASAP.",
              "Type": 7
            }
          ]
        }
      ]
    },
    {
      "Type": 0,
      "Name": "Fenrir",
      "Phases": [
        {
          "Strategy": "Everyone - When the *Ice Shards appear, pay attention. 2 of them will target random players with a line AOE. The final shard has a delayed circle AOE. Every other *Ice Shard phase the boss will cast *Lunar Cry. Hide behind the pillar which did NOT have a line AOE to dodge this, once the boss has finished that attack, run away as the shard will explode soon after.\n\nTank - Make sure to keep the boss facing away from the party, so you don't accidentally cleave them.\n\nHealer - Try and keep everyone topped up as most mechanics do a large amount of damage. Also, try and hold onto *Swiftcast so you can rez players fast as *Lunar Cry will kill anybody hit by it.\n\nDPS - Do damage & do the mechanics correctly. Less healing from the healer means a faster clear.",
          "Mechanics": [
            {
              "Name": "Ecliptic Bite",
              "Description": "Frontal cleave - Moderate damage. Used after *Lunar Cry. Damage is scaled by how many players are hit by the exploding shard.",
              "Type": 9
            },
            {
              "Name": "Heavensward Howl",
              "Description": "Frontal cleave - Moderate damage.",
              "Type": 9
            },
            {
              "Name": "Ice Shards",
              "Description": "Telegraphed. 3 crystals will appear. 2 of which will target 2 random players with a line AOE. The final crystal will have a delayed circle AOE. If you are hit by the final circle AOE shard you will be hit by *Ecliptic Bite after. (Almost guaranteed death unless you are the Tank.)\n\nThe following attacks will swap back and forth each crystal phase.",
              "Type": 10
            },
            {
              "Name": "Lunar Cry",
              "Description": "Raidwide damage - Instant kill if hit by it. This can be dodged by hiding behind the pillar that didn't have a line AOE.",
              "Type": 4
            },
            {
              "Name": "Thousand-year Storm",
              "Description": "Raidwide damage - Moderate damage. Unavoidable",
              "Type": 4
            }
          ]
        }
      ]
    }
  ]
}
