{
  "Author": "FFXIVITA",
  "Name": "XIVITA Guide",
  "InternalName": "XIVITAGuide",
  "AssemblyVersion": "1.5.0.14",
  "Description": "Plugin che permette ai giocatori di accedere facilmente a delle guide scritte per i vari content come Dungeon, Trials and Alliance Raids.\n\nPunti Chiave:\n- Apre la guida (se presente) in maniera automatica quando si entra in duty\n- Interfaccia scalabile e adattabile a tutti gli schermi\n- una modalità di guida testuale breve per chi è di fretta\n- Protezione Anti-Spoiler\n- Editor guide integrato\n- Integrazioni coi vostri plugin preferiti\n& e molto altro!",
  "ApplicableVersion": "any",
  "RepoUrl": "https://github.com/ffxivita/XIVITAGuide",
  "Tags": [
    "Duty Finder",
    "Duties",
    "Guide",
    "XIVITA"
  ],
  "CategoryTags": [
    "Utility"
  ],
  "DalamudApiLevel": 7,
  "LoadPriority": 0,
  "Punchline": "XIVITA Guide è un plugin che permette ai giocatori di accedere facilmente a delle guide scritte per i vari content"
}