{
  "Author": "FFXIVITA",
  "Name": "XIVITAGuide",
  "InternalName": "XIVITAGuide",
  "AssemblyVersion": "1.5.0.9",
  "Description": "Punti Chiave:\n Apre la guida (se presente) in maniera automatica quando si entra in duty.\nTabella delle meccaniche con funzionalità di mostra / nascondi.\nLe guide possono essere localizzate anche in diverse lingue.\nLe guide si aggiornano in maniera indipendente dal plugin stesso.\nProtezione spoiler integrata.\nE tanto altro.",
  "ApplicableVersion": "any",
  "RepoUrl": "https://github.com/ffxivita/XIVITAGuide",
  "Tags": [
    "Guide",
    "XIVITA"
  ],
  "DalamudApiLevel": 7,
  "LoadPriority": 0,
  "ImageUrls": [],
  "Punchline": "XIVITA Guide è un plugin che permette ai giocatori di accedere facilmente a delle guide scritte per i vari content."
}