{
  "Author": "FFXIVITA",
  "Name": "XIVITA Guide",
  "InternalName": "XIVITAGuide",
  "AssemblyVersion": "1.5.0.20",
  "Description": "Plugin che permette ai giocatori di accedere facilmente a delle guide scritte per i vari content come Dungeon, Trials and Alliance Raids. Punti Chiave: 1) Apre la guida (se presente) in maniera automatica quando si entra in duty 2) Interfaccia scalabile e adattabile a tutti gli schermi 3) una modalità di guida testuale breve per chi è di fretta 4) Protezione Anti-Spoiler 5) Editor guide integrato 6) Integrazioni coi vostri plugin preferiti e molto altro!",
  "ApplicableVersion": "any",
  "RepoUrl": "https://github.com/ffxivita/XIVITAGuide",
  "Tags": [
    "Duty Finder",
    "Duties",
    "Guide",
    "XIVITA"
  ],
  "CategoryTags": [
    "Utility"
  ],
  "DalamudApiLevel": 7,
  "LoadPriority": 0,
  "Punchline": "XIVITA Guide è un plugin che permette ai giocatori di accedere facilmente a delle guide scritte per i vari content"
}