{
  "Author": "FFXIVITA",
  "Name": "XIVITAGuide",
  "InternalName": "XIVITAGuide",
  "AssemblyVersion": "1.4.1.0",
  "Description": "Punti Chiave:\n Apre la guida (se presente) in maniera automatica quando si entra in duty.\n Tabella delle meccaniche con funzionalità di mostra / nascondi.\n Le guide possono essere localizzate anche in diverse lingue.\n Le guide si aggiornano in maniera indipendente dal plugin stesso.\n Protezione spoiler integrata.\n E tanto altro.",
  "ApplicableVersion": "any",
  "RepoUrl": "https://github.com/ffxivita/XIVITAGuide",
  "Tags": [
    "Guide",
    "XIVITA"
  ],
  "DalamudApiLevel": 7,
  "LoadPriority": 0,
  "ImageUrls": [],
  "Punchline": "XIVITA Guide è un plugin che permette ai giocatori di accedere facilmente a delle guide scritte per i vari content."
}