{
  "Version": 0,
  "Name": "The Navel",
  "Difficulty": 0,
  "Type": 1,
  "Expansion": 0,
  "Level": 34,
  "UnlockQuestID": 66393,
  "TerritoryIDs": [
    1046
  ],
  "Bosses": [
    {
      "Name": "Titan",
      "Strategy": "Titan will periodically cause raidwide damage throughout the fight. \n\nAt 75%% HP Titan will jump and spawn a red ring on the outside of the arena players must stand just outside the ring to avoid taking heavy damage and falling off the platform. After this Titan will start casting Landslide. \n\nAt 50%% HP Titan will do his jump move once more, After he comes back down he will go invulnerable and the players will need to attack his heart. \n\nAfter this titan will start to cast Weight of the land and Granite Goal until he dies.",
      "Mechanics": [
        {
          "Name": "Landslide",
          "Description": "A line AOE that will knock anyone caught in it backwards off the arena.",
          "Type": 2
        },
        {
          "Name": "Granite Goal",
          "Description": "Targets one random player and traps them, the other players must attack the goal to free the trapped player.",
          "Type": 6
        },
        {
          "Name": "Weight of the Land",
          "Description": "Spawns several AOEs arround Titan.",
          "Type": 2
        }
      ]
    }
  ]
}
