{
  "Version": 1,
  "Name": "Castrum Meridianum",
  "Difficulty": 0,
  "Type": 0,
  "Expansion": 0,
  "Level": 50,
  "UnlockQuestID": 66672,
  "TerritoryIDs": [
    1043
  ],
  "Sections": [
    {
      "Type": 0,
      "Name": "The Black Eft",
      "Phases": [
        {
          "Strategy": "",
          "StrategyShort": "",
          "Mechanics": [
            {
              "Name": "Incendiary Support",
              "Description": "Deals 3 hits of raidwide damage",
              "Type": 6
            },
            {
              "Name": "Request Assistance",
              "Description": "Summons additional imperial soldiers to the battle",
              "Type": 7
            },
            {
              "Name": "Magitek Cannon",
              "Description": "Circular AoE attack that targets a random player",
              "Type": 2
            },
            {
              "Name": "High-powered Magitek Ray",
              "Description": "Untelegraphed line attack that deals damage to all players directly in front of the boss.",
              "Type": 6
            }
          ]
        }
      ]
    },
    {
      "Type": 0,
      "Name": "Magitek Vanguard F-1",
      "Phases": [
        {
          "Strategy": "",
          "StrategyShort": "",
          "Mechanics": [
            {
              "Name": "Cermet Dril",
              "Description": "Large amount of single-target damage",
              "Type": 0
            },
            {
              "Name": "Thermobaric Strike",
              "Description": "Places a flare in a random corner of the arena doing damage the closer you are to it",
              "Type": 2
            },
            {
              "Name": "Hypercharge",
              "Description": "Repositions at the center of the arena and fires adonut AoE and circle AoE",
              "Type": 2
            },
            {
              "Name": "Overcharge",
              "Description": "A frontal cone AoE attack that deals heavy amount of damage and inflicts the debuff Paralysis",
              "Type": 2
            },
            {
              "Name": "Targeted Support",
              "Description": "Timed AoE ontop of all players",
              "Type": 2
            }
          ]
        }
      ]
    },
    {
      "Type": 0,
      "Name": "Livia sas Junius",
      "Phases": [
        {
          "Strategy": "",
          "StrategyShort": "",
          "Mechanics": [
            {
              "Name": "Aglaia Climb",
              "Description": "Large amount of single-target damage",
              "Type": 0
            },
            {
              "Name": "Artificial Plasma",
              "Description": "Unavoidable raidwide damage that must be healed",
              "Type": 4
            },
            {
              "Name": "Roundhouse",
              "Description": "Reposition to the center of the Arena and casts a circle AoE followed by 8 AoEs on the border of the arena",
              "Type": 2
            },
            {
              "Name": "Infinite Reach",
              "Description": "Sequence of a large line AoE down the center of the arena followed by 6 circle AoEs on the sides of it, exploding in order of appearance",
              "Type": 2
            },
            {
              "Name": "Thermobaric Strike",
              "Description": "Casted in preparation of \"Stunning Sweep\" or \"Angry Salamander\"",
              "Type": 10
            },
            {
              "Name": "Artificial Boost",
              "Description": "Increases damage resistance",
              "Type": 10
            }
          ]
        }
      ]
    }
  ]
}
