{
  "Author": "DarkArtek",
  "Name": "XIVITASanctuary",
  "InternalName": "XIVITASanctuary",
  "AssemblyVersion": "1.1.0.10",
  "Description": "Un plugin che migliora la vostra esperienza in  Island Sanctuary. Cosa Fa: 1) Vi segnala gli item da raccogliere nella mappa 2) todo-list per Gathering & crafting, mostrando quali di materiali avrete bisogno 3) (pianificato) Miglior vista dell'inventario. 3) Widget per accedere velocemente alle informazioni.",
  "ApplicableVersion": "any",
  "RepoUrl": "https://github.com/DarkArtek/XIVITASanctuary",
  "Tags": [
    "Guide",
    "XIVITA"
  ],
  "DalamudApiLevel": 7,
  "LoadPriority": 0,
  "ImageUrls": [],
  "Punchline": "Il migliore strumento per la vostra isola!"
}