{
  "Author": "FFXIVITA",
  "Name": "XIVITA Startup Commands",
  "InternalName": "XIVITAStartupCommands",
  "AssemblyVersion": "1.1.0.6",
  "Description": "Esegue comandi testuali come emote e macro al login.",
  "ApplicableVersion": "any",
  "RepoUrl": "https://github.com/DarkArtek/XIVITAStartupCommands",
  "Tags": [
    "startup",
    "login",
    "commands",
    "chat"
  ],
  "DalamudApiLevel": 7,
  "LoadPriority": 0,
  "ImageUrls": [],
  "Punchline": "Avete mai pensato di automatizzare il vostro post-login?"
}